email_address,id
pariatur.officiis.officiis.et@nihil.bogisich.info,1
nam.expedita.aut.eius@iure.kuvalis.info,2
aut.dolorem.incidunt.eum@iure.kuvalis.info,3
pariatur.autem.error.tenetur@distinctio.nikolaus.tv,4
adipisci.corporis.atque.at@iure.kuvalis.info,5
sed.est.debitis.at@quia.shannon.ca,6
voluptas.placeat.molestias.accusamus@distinctio.nikolaus.tv,7
consectetur.sint.sunt.omnis@iure.kuvalis.info,8
iure.animi.et.velit@distinctio.nikolaus.tv,9
eum.ab.placeat.molestiae@enim.oberbrunner.com,10
consequatur.sit.qui.quidem@enim.oberbrunner.com,11
ut.sapiente.enim.quis@distinctio.nikolaus.tv,12
et.necessitatibus.totam.neque@non.caleigh.org,13
omnis.mollitia.vitae.quam@consequuntur.ken.org,14
aperiam.sint.fugit.porro@iure.kuvalis.info,15
sapiente.consectetur.deserunt.dolor@quae.nolan.us,16
sint.beatae.officiis.rerum@quae.nolan.us,17
aperiam.cum.repellendus.aspernatur@quae.nolan.us,18
distinctio.qui.quo.et@distinctio.nikolaus.tv,19
